"ITL,ITL code,Region name,1997,1998,1999,2000,2001,2002,2003,2004,2005,2006,2007,2008,2009,2010,2011,2012,2013,2014,2015,2016,2017,2018,""2019"
"[note 1]"""
"ITL3,TLC11,Hartlepool and Stockton-on-Tees,""9,300"",""9,238"",""9,737"",""10,223"",""10,608"",""10,941"",""11,198"",""11,696"",""12,183"",""12,616"",""12,944"",""13,272"",""13,684"",""13,960"",""14,356"",""14,778"",""14,852"",""15,319"",""15,730"",""15,858"",""16,145"",""16,575"",""17,017"""
"ITL3,TLC12,South Teesside,""9,004"",""8,678"",""9,158"",""9,758"",""10,178"",""10,247"",""10,444"",""10,875"",""11,297"",""11,751"",""11,933"",""12,194"",""12,871"",""12,972"",""13,257"",""14,043"",""14,226"",""14,794"",""15,216"",""15,220"",""15,404"",""15,937"",""16,351"""
"ITL3,TLC13,Darlington,""9,638"",""9,516"",""9,722"",""10,611"",""11,397"",""11,490"",""11,785"",""12,108"",""12,359"",""12,556"",""13,210"",""13,217"",""13,824"",""13,879"",""13,799"",""14,374"",""14,810"",""15,016"",""15,704"",""16,276"",""16,925"",""17,306"",""17,391"""
"ITL3,TLC14,Durham CC,""9,254"",""9,429"",""9,831"",""10,396"",""10,741"",""10,907"",""11,098"",""11,674"",""11,934"",""12,265"",""12,544"",""12,788"",""13,185"",""13,603"",""13,758"",""14,209"",""14,522"",""14,926"",""15,496"",""15,549"",""15,798"",""16,315"",""16,617"""
"ITL3,TLC21,Northumberland,""10,299"",""10,405"",""10,954"",""11,704"",""12,103"",""12,336"",""12,864"",""13,282"",""13,568"",""14,370"",""14,712"",""15,602"",""16,514"",""16,511"",""16,673"",""17,273"",""17,705"",""18,000"",""18,699"",""19,047"",""19,374"",""19,846"",""20,216"""
"ITL3,TLC22,Tyneside,""9,243"",""9,473"",""9,632"",""10,199"",""10,619"",""10,878"",""11,194"",""11,741"",""11,804"",""12,174"",""12,539"",""12,702"",""13,230"",""13,565"",""13,727"",""14,400"",""14,635"",""14,937"",""15,615"",""15,655"",""15,854"",""16,395"",""16,803"""
"ITL3,TLC23,Sunderland,""8,549"",""8,496"",""8,961"",""9,619"",""9,933"",""10,234"",""10,481"",""10,828"",""11,272"",""11,598"",""12,045"",""12,221"",""12,603"",""12,944"",""13,255"",""13,840"",""14,214"",""14,323"",""14,771"",""15,156"",""15,481"",""15,669"",""16,011"""
"ITL3,TLD11,West Cumbria,""9,013"",""9,377"",""9,647"",""10,344"",""10,873"",""10,877"",""11,334"",""11,930"",""12,275"",""12,841"",""13,691"",""13,923"",""14,374"",""14,824"",""15,048"",""15,915"",""16,218"",""16,620"",""17,466"",""17,619"",""17,944"",""18,329"",""18,634"""
"ITL3,TLD12,East Cumbria,""10,888"",""11,304"",""11,669"",""11,938"",""12,761"",""13,178"",""13,795"",""14,283"",""14,844"",""15,294"",""15,710"",""16,018"",""16,754"",""17,278"",""17,291"",""17,994"",""18,676"",""19,159"",""19,993"",""19,990"",""20,358"",""21,020"",""21,626"""
"ITL2,TLD3,Greater Manchester,""9,613"",""9,742"",""10,381"",""10,967"",""11,230"",""11,532"",""11,745"",""12,098"",""12,489"",""12,888"",""13,364"",""13,525"",""13,884"",""14,026"",""14,225"",""14,705"",""15,105"",""15,466"",""16,214"",""16,268"",""16,640"",""17,351"",""17,767"""
"ITL2,TLD4,Lancashire,""9,533"",""9,644"",""10,033"",""10,657"",""11,019"",""11,265"",""11,563"",""11,966"",""12,457"",""12,828"",""13,382"",""13,721"",""14,242"",""14,387"",""14,648"",""14,938"",""15,257"",""15,649"",""16,410"",""16,573"",""16,946"",""17,502"",""17,827"""
"ITL3,TLD61,Warrington,""10,409"",""10,603"",""11,132"",""12,110"",""12,628"",""12,871"",""13,197"",""13,974"",""14,281"",""14,771"",""15,548"",""15,608"",""15,774"",""15,975"",""16,346"",""17,183"",""17,369"",""17,976"",""19,346"",""19,148"",""19,582"",""20,590"",""20,946"""
"ITL3,TLD62,Cheshire East,""12,124"",""12,316"",""12,974"",""13,507"",""13,704"",""14,601"",""15,315"",""15,798"",""16,373"",""16,853"",""17,439"",""17,774"",""18,317"",""18,368"",""18,588"",""19,254"",""20,333"",""21,053"",""22,717"",""22,707"",""23,447"",""24,845"",""25,486"""
"ITL3,TLD63,Cheshire,""11,091"",""11,210"",""11,882"",""12,379"",""12,600"",""13,357"",""14,140"",""14,821"",""15,350"",""15,733"",""16,358"",""16,835"",""17,365"",""17,417"",""17,495"",""18,287"",""18,788"",""19,281"",""20,125"",""20,247"",""20,993"",""21,864"",""22,301"""
"ITL2,TLD7,Merseyside,""9,334"",""9,488"",""9,990"",""10,507"",""10,803"",""11,160"",""11,513"",""11,888"",""12,251"",""12,612"",""13,180"",""13,405"",""13,983"",""14,172"",""14,333"",""14,820"",""15,256"",""15,561"",""16,208"",""16,304"",""16,598"",""17,147"",""17,517"""
"ITL2,TLE1,East Yorkshire,""9,222"",""9,451"",""10,052"",""10,527"",""10,775"",""11,142"",""11,484"",""11,898"",""12,267"",""12,645"",""13,167"",""13,329"",""13,640"",""13,799"",""14,248"",""14,585"",""14,763"",""15,122"",""15,840"",""15,995"",""16,470"",""17,256"",""17,670"""
"ITL2,TLE2,North Yorkshire,""11,371"",""12,003"",""12,362"",""12,593"",""13,002"",""13,598"",""13,878"",""14,158"",""14,863"",""15,688"",""16,293"",""16,607"",""17,243"",""17,215"",""17,565"",""18,240"",""18,609"",""18,926"",""20,079"",""20,110"",""20,603"",""21,666"",""22,229"""
"ITL2,TLE3,South Yorkshire,""8,977"",""9,166"",""9,703"",""10,268"",""10,676"",""10,941"",""11,256"",""11,662"",""11,910"",""12,200"",""12,635"",""12,806"",""13,153"",""13,278"",""13,550"",""13,981"",""14,343"",""14,856"",""15,368"",""15,388"",""15,732"",""16,338"",""16,653"""
"ITL2,TLE4,West Yorkshire,""9,654"",""9,844"",""10,307"",""11,000"",""11,189"",""11,454"",""11,764"",""12,124"",""12,395"",""12,731"",""13,338"",""13,487"",""13,700"",""13,827"",""14,051"",""14,440"",""14,897"",""15,254"",""16,000"",""16,028"",""16,352"",""17,008"",""17,347"""
"ITL2,TLF1,Derbyshire,""9,372"",""9,645"",""10,153"",""10,585"",""11,042"",""11,402"",""11,811"",""12,252"",""12,565"",""12,988"",""13,711"",""13,928"",""14,146"",""14,095"",""14,335"",""14,861"",""15,362"",""15,790"",""16,642"",""16,598"",""16,898"",""17,539"",""18,025"""
"ITL2,TLF1,Nottinghamshire,""9,372"",""9,645"",""10,153"",""10,585"",""11,042"",""11,402"",""11,811"",""12,252"",""12,565"",""12,988"",""13,711"",""13,928"",""14,146"",""14,095"",""14,335"",""14,861"",""15,362"",""15,790"",""16,642"",""16,598"",""16,898"",""17,539"",""18,025"""
"ITL3,TLF21,Leicester,""8,375"",""8,164"",""8,636"",""9,173"",""9,472"",""9,734"",""9,917"",""10,161"",""10,130"",""10,320"",""10,816"",""10,690"",""10,944"",""11,217"",""11,308"",""11,722"",""11,977"",""12,231"",""12,706"",""12,918"",""13,210"",""13,512"",""13,802"""
"ITL3,TLF22,Leicestershire,""11,098"",""11,279"",""11,694"",""12,216"",""12,542"",""12,914"",""13,501"",""14,010"",""14,490"",""14,830"",""15,604"",""15,713"",""15,994"",""16,163"",""16,530"",""16,995"",""17,337"",""17,803"",""18,659"",""18,543"",""19,210"",""19,892"",""20,162"""
"ITL3,TLF22,Rutland,""11,098"",""11,279"",""11,694"",""12,216"",""12,542"",""12,914"",""13,501"",""14,010"",""14,490"",""14,830"",""15,604"",""15,713"",""15,994"",""16,163"",""16,530"",""16,995"",""17,337"",""17,803"",""18,659"",""18,543"",""19,210"",""19,892"",""20,162"""
"ITL3,TLF24,Northamptonshire,""10,928"",""11,019"",""11,468"",""12,346"",""12,713"",""12,838"",""13,196"",""13,650"",""14,247"",""14,853"",""16,022"",""16,067"",""15,938"",""16,072"",""17,103"",""17,832"",""18,287"",""18,874"",""20,011"",""20,146"",""20,683"",""21,748"",""22,227"""
"ITL2,TLF3,Scunthorpe,""10,045"",""10,260"",""10,614"",""11,067"",""11,394"",""11,674"",""12,160"",""12,610"",""13,160"",""13,394"",""14,179"",""14,514"",""14,778"",""15,050"",""15,470"",""15,919"",""16,213"",""16,656"",""17,215"",""17,230"",""17,651"",""18,322"",""18,783"""
"ITL2,TLF3,Lincolnshire,""10,045"",""10,260"",""10,614"",""11,067"",""11,394"",""11,674"",""12,160"",""12,610"",""13,160"",""13,394"",""14,179"",""14,514"",""14,778"",""15,050"",""15,470"",""15,919"",""16,213"",""16,656"",""17,215"",""17,230"",""17,651"",""18,322"",""18,783"""
"ITL3,TLG11,Herefordshire,""10,194"",""10,622"",""10,891"",""11,484"",""12,026"",""12,489"",""12,881"",""13,514"",""13,880"",""14,661"",""14,954"",""15,547"",""15,964"",""16,456"",""16,958"",""17,299"",""17,901"",""18,108"",""19,155"",""19,332"",""19,280"",""20,109"",""20,631"""
"ITL3,TLG12,Worcestershire,""11,157"",""11,720"",""12,044"",""12,490"",""12,950"",""13,392"",""13,607"",""14,311"",""14,968"",""15,713"",""15,860"",""16,226"",""16,497"",""16,483"",""16,810"",""17,278"",""17,942"",""18,583"",""19,704"",""20,066"",""20,253"",""21,254"",""21,755"""
"ITL3,TLG13,Warwickshire,""11,607"",""11,955"",""12,485"",""13,350"",""13,790"",""14,171"",""14,599"",""15,067"",""15,347"",""15,857"",""16,415"",""17,000"",""17,260"",""17,369"",""17,723"",""18,387"",""19,036"",""19,823"",""21,323"",""22,188"",""22,133"",""23,377"",""23,867"""
"ITL3,TLG21,Telford,""10,115"",""10,263"",""10,536"",""10,446"",""10,330"",""10,771"",""11,343"",""11,877"",""11,861"",""12,375"",""12,902"",""13,095"",""13,386"",""13,676"",""14,216"",""14,718"",""15,025"",""15,409"",""16,168"",""16,486"",""16,469"",""16,940"",""17,250"""
"ITL3,TLG22,Shropshire,""10,730"",""11,270"",""11,452"",""11,893"",""12,098"",""12,517"",""12,973"",""13,517"",""13,792"",""14,536"",""14,970"",""15,801"",""16,259"",""16,310"",""16,650"",""16,951"",""17,318"",""17,755"",""18,898"",""19,180"",""19,475"",""20,359"",""20,732"""
"ITL3,TLG23,Stoke-on-Trent,""8,283"",""8,364"",""8,974"",""9,363"",""9,398"",""9,548"",""9,850"",""10,164"",""10,737"",""10,851"",""11,437"",""11,593"",""11,819"",""12,004"",""12,378"",""12,748"",""13,209"",""13,467"",""14,010"",""14,070"",""14,274"",""15,063"",""15,455"""
"ITL3,TLG24,Staffordshire,""10,264"",""10,643"",""11,066"",""11,621"",""12,167"",""12,505"",""12,839"",""13,026"",""13,475"",""14,064"",""14,553"",""15,067"",""15,261"",""15,430"",""15,588"",""16,046"",""16,596"",""17,099"",""18,100"",""18,124"",""18,451"",""19,234"",""19,692"""
"ITL2,TLG3,Black Country,""9,151"",""9,369"",""9,763"",""10,380"",""10,715"",""10,942"",""11,084"",""11,440"",""11,518"",""11,780"",""12,113"",""12,348"",""12,652"",""12,903"",""13,084"",""13,433"",""13,807"",""14,293"",""14,881"",""15,097"",""15,198"",""15,738"",""16,074"""
"ITL2,TLH1,East Anglia,""10,402"",""10,580"",""11,037"",""11,762"",""12,191"",""12,565"",""12,729"",""13,158"",""13,763"",""14,096"",""14,713"",""15,301"",""15,637"",""15,912"",""16,122"",""16,758"",""17,237"",""17,746"",""18,684"",""18,902"",""19,219"",""20,015"",""20,532"""
"ITL3,TLH11,Peterborough,""9,874"",""10,141"",""10,949"",""11,639"",""11,906"",""12,130"",""12,116"",""12,243"",""12,586"",""13,246"",""13,860"",""14,040"",""14,002"",""14,271"",""14,408"",""14,876"",""15,330"",""16,012"",""16,698"",""16,918"",""17,103"",""17,686"",""18,124"""
"ITL3,TLH12,Cambridgeshire CC,""11,468"",""11,802"",""12,518"",""13,156"",""13,314"",""13,896"",""13,893"",""14,546"",""15,526"",""16,130"",""16,690"",""17,060"",""17,336"",""17,480"",""17,581"",""18,293"",""19,107"",""19,960"",""20,975"",""21,553"",""21,869"",""22,758"",""23,458"""
"ITL3,TLH14,Suffolk,""10,179"",""10,249"",""10,609"",""11,555"",""12,084"",""12,489"",""12,742"",""13,217"",""13,723"",""14,046"",""14,587"",""15,427"",""15,899"",""16,031"",""16,121"",""16,783"",""17,220"",""17,614"",""18,629"",""18,762"",""19,054"",""19,911"",""20,323"""
"ITL3,TLH15,Norwich and East Norfolk,""10,035"",""10,163"",""10,454"",""11,042"",""11,551"",""11,777"",""11,998"",""12,279"",""12,681"",""12,727"",""13,439"",""14,019"",""14,332"",""14,761"",""15,189"",""15,769"",""16,124"",""16,394"",""17,343"",""16,946"",""17,152"",""17,788"",""18,294"""
"ITL3,TLH16,North and West Norfolk,""9,501"",""9,632"",""9,983"",""10,593"",""11,236"",""11,546"",""11,790"",""12,052"",""12,594"",""12,653"",""13,364"",""14,077"",""14,610"",""15,224"",""15,635"",""16,246"",""16,613"",""16,908"",""17,632"",""17,811"",""18,369"",""19,296"",""19,938"""
"ITL3,TLH17,Breckland and South Norfolk,""10,316"",""10,479"",""10,696"",""11,328"",""11,884"",""12,052"",""12,286"",""12,629"",""13,129"",""13,281"",""14,021"",""14,585"",""14,773"",""15,217"",""15,579"",""16,188"",""16,286"",""16,686"",""17,601"",""18,092"",""18,513"",""19,175"",""19,516"""
"ITL3,TLH21,Luton,""9,252"",""8,851"",""9,387"",""9,991"",""10,564"",""10,930"",""11,211"",""11,485"",""11,704"",""11,814"",""12,179"",""12,339"",""12,529"",""12,813"",""13,005"",""13,403"",""13,678"",""14,165"",""14,637"",""15,389"",""16,153"",""16,541"",""16,873"""
"ITL3,TLH23,Hertfordshire,""13,231"",""13,708"",""14,000"",""15,164"",""15,892"",""16,198"",""16,501"",""16,900"",""17,484"",""18,249"",""19,217"",""19,649"",""20,128"",""20,135"",""20,237"",""21,124"",""22,167"",""22,978"",""24,463"",""24,635"",""25,156"",""26,257"",""26,790"""
"ITL3,TLH24,Bedford,""11,413"",""11,401"",""11,907"",""12,462"",""12,490"",""13,059"",""13,237"",""13,650"",""14,325"",""14,825"",""15,390"",""15,986"",""16,421"",""16,814"",""17,095"",""17,486"",""17,947"",""18,451"",""19,712"",""20,271"",""20,912"",""21,875"",""22,321"""
"ITL3,TLH25,Bedfordshire,""12,114"",""12,148"",""12,745"",""13,475"",""13,647"",""14,271"",""14,417"",""14,765"",""15,419"",""15,843"",""16,337"",""16,867"",""17,215"",""17,751"",""17,832"",""18,446"",""19,238"",""19,545"",""20,543"",""20,983"",""21,392"",""22,172"",""22,419"""
"ITL2,TLH3,Essex,""11,603"",""11,729"",""12,413"",""13,009"",""13,551"",""14,012"",""14,266"",""14,695"",""15,225"",""15,587"",""16,176"",""16,761"",""17,178"",""17,214"",""17,492"",""18,065"",""18,522"",""18,969"",""20,176"",""20,669"",""21,194"",""22,296"",""22,741"""
"ITL3,TLH31,Southend-on-Sea,""10,637"",""10,871"",""11,535"",""12,237"",""12,920"",""13,446"",""13,774"",""13,835"",""14,173"",""14,531"",""15,036"",""15,318"",""15,783"",""16,088"",""16,253"",""16,691"",""17,294"",""17,807"",""18,857"",""19,200"",""19,662"",""20,543"",""21,187"""
"ITL3,TLH32,Thurrock,""10,129"",""10,199"",""10,507"",""10,739"",""11,170"",""11,867"",""12,298"",""12,613"",""13,007"",""13,368"",""13,976"",""14,474"",""14,788"",""15,078"",""15,191"",""15,584"",""15,977"",""16,658"",""17,405"",""17,984"",""18,387"",""19,424"",""19,951"""
"ITL3,TLH36,Heart of Essex,""13,605"",""13,627"",""14,457"",""15,139"",""15,674"",""16,032"",""16,270"",""16,659"",""17,194"",""17,631"",""18,261"",""18,956"",""19,400"",""19,303"",""19,559"",""20,191"",""20,696"",""21,449"",""22,747"",""23,673"",""24,221"",""25,351"",""25,809"""
"ITL1,TLI,Greater London,""13,111"",""13,547"",""14,417"",""15,589"",""16,091"",""16,375"",""17,002"",""17,876"",""18,945"",""19,774"",""21,203"",""21,874"",""21,710"",""21,930"",""21,850"",""23,204"",""24,412"",""25,376"",""27,182"",""27,669"",""27,835"",""29,258"",""30,256"""
"ITL3,TLJ11,Wokingham,""13,782"",""14,029"",""14,432"",""15,485"",""15,586"",""16,014"",""16,279"",""16,653"",""17,302"",""17,978"",""19,218"",""19,579"",""19,615"",""19,531"",""19,944"",""20,706"",""21,558"",""22,029"",""23,357"",""23,841"",""24,296"",""25,178"",""25,912"""
"ITL3,TLJ11,Reading,""13,782"",""14,029"",""14,432"",""15,485"",""15,586"",""16,014"",""16,279"",""16,653"",""17,302"",""17,978"",""19,218"",""19,579"",""19,615"",""19,531"",""19,944"",""20,706"",""21,558"",""22,029"",""23,357"",""23,841"",""24,296"",""25,178"",""25,912"""
"ITL3,TLJ11,Slough,""13,782"",""14,029"",""14,432"",""15,485"",""15,586"",""16,014"",""16,279"",""16,653"",""17,302"",""17,978"",""19,218"",""19,579"",""19,615"",""19,531"",""19,944"",""20,706"",""21,558"",""22,029"",""23,357"",""23,841"",""24,296"",""25,178"",""25,912"""
"ITL3,TLJ11,Bracknell Forest,""13,782"",""14,029"",""14,432"",""15,485"",""15,586"",""16,014"",""16,279"",""16,653"",""17,302"",""17,978"",""19,218"",""19,579"",""19,615"",""19,531"",""19,944"",""20,706"",""21,558"",""22,029"",""23,357"",""23,841"",""24,296"",""25,178"",""25,912"""
"ITL3,TLJ11,Maidenhead,""13,782"",""14,029"",""14,432"",""15,485"",""15,586"",""16,014"",""16,279"",""16,653"",""17,302"",""17,978"",""19,218"",""19,579"",""19,615"",""19,531"",""19,944"",""20,706"",""21,558"",""22,029"",""23,357"",""23,841"",""24,296"",""25,178"",""25,912"""
"ITL3,TLJ11,Berkshire,""13,782"",""14,029"",""14,432"",""15,485"",""15,586"",""16,014"",""16,279"",""16,653"",""17,302"",""17,978"",""19,218"",""19,579"",""19,615"",""19,531"",""19,944"",""20,706"",""21,558"",""22,029"",""23,357"",""23,841"",""24,296"",""25,178"",""25,912"""
"ITL3,TLJ12,Milton Keynes,""11,125"",""11,274"",""11,667"",""12,367"",""12,716"",""13,469"",""13,713"",""14,477"",""14,993"",""15,463"",""16,246"",""16,679"",""16,659"",""17,031"",""17,099"",""17,494"",""17,820"",""18,358"",""19,639"",""20,038"",""20,665"",""21,649"",""22,116"""
"ITL3,TLJ13,Buckinghamshire,""14,935"",""15,218"",""15,823"",""16,825"",""17,456"",""17,813"",""17,899"",""18,653"",""19,322"",""20,681"",""21,500"",""22,049"",""22,520"",""22,463"",""22,674"",""23,286"",""24,016"",""24,777"",""26,469"",""27,122"",""27,592"",""28,387"",""29,044"""
"ITL3,TLJ14,Oxfordshire,""13,267"",""13,497"",""13,953"",""15,000"",""15,227"",""15,670"",""15,785"",""16,412"",""16,816"",""17,913"",""18,490"",""18,905"",""19,301"",""19,139"",""19,448"",""20,327"",""21,033"",""21,766"",""23,509"",""23,579"",""24,100"",""25,133"",""25,779"""
"ITL2,TLJ2,""Surrey, East and West Sussex"",""13,992"",""14,402"",""14,881"",""15,669"",""16,089"",""16,528"",""16,672"",""17,197"",""18,092"",""18,934"",""19,760"",""20,094"",""20,296"",""20,509"",""20,781"",""21,597"",""22,524"",""22,981"",""24,422"",""24,710"",""25,122"",""26,133"",""26,675"""
"ITL3,TLJ21,Brighton and Hove,""12,019"",""12,107"",""12,630"",""13,458"",""13,998"",""14,438"",""14,616"",""15,193"",""16,015"",""16,242"",""16,841"",""17,371"",""17,860"",""17,764"",""17,972"",""18,379"",""19,005"",""19,457"",""20,689"",""20,963"",""21,486"",""22,365"",""23,142"""
"ITL3,TLJ22,East Sussex,""11,798"",""11,989"",""12,494"",""13,173"",""13,685"",""14,036"",""14,267"",""14,554"",""15,180"",""15,765"",""16,938"",""17,434"",""17,745"",""18,338"",""18,266"",""18,782"",""19,661"",""19,899"",""20,994"",""21,373"",""21,574"",""22,143"",""22,572"""
"ITL3,TLJ25,West Surrey,""16,290"",""16,909"",""17,566"",""18,295"",""18,546"",""19,104"",""19,143"",""19,795"",""20,916"",""22,180"",""22,983"",""23,299"",""23,477"",""23,552"",""23,933"",""25,055"",""26,264"",""26,973"",""28,775"",""28,946"",""29,473"",""30,930"",""31,349"""
"ITL3,TLJ26,East Surrey,""15,848"",""16,601"",""17,130"",""17,921"",""18,140"",""18,746"",""18,832"",""19,428"",""20,686"",""22,055"",""22,931"",""23,140"",""22,998"",""23,100"",""23,418"",""24,625"",""25,530"",""26,067"",""28,030"",""28,200"",""28,600"",""29,622"",""30,334"""
"ITL3,TLJ27,West Sussex (South West),""11,497"",""12,007"",""12,231"",""13,131"",""13,806"",""14,139"",""14,365"",""14,863"",""15,632"",""16,245"",""16,919"",""17,194"",""17,513"",""17,853"",""18,250"",""18,971"",""19,736"",""20,053"",""21,389"",""21,717"",""22,187"",""23,018"",""23,470"""
"ITL3,TLJ28,West Sussex (North East),""14,851"",""14,937"",""15,195"",""16,124"",""16,578"",""16,901"",""17,096"",""17,656"",""18,321"",""18,823"",""19,462"",""19,666"",""19,742"",""19,863"",""20,249"",""20,899"",""21,745"",""22,099"",""23,074"",""23,576"",""23,938"",""24,995"",""25,689"""
"ITL3,TLJ31,Portsmouth,""9,369"",""9,396"",""9,943"",""10,798"",""10,762"",""11,224"",""11,311"",""11,347"",""11,345"",""11,546"",""12,186"",""12,550"",""13,167"",""13,119"",""13,279"",""13,368"",""13,969"",""14,248"",""15,247"",""15,556"",""15,858"",""16,509"",""17,028"""
"ITL3,TLJ32,Southampton,""9,613"",""9,506"",""9,665"",""10,312"",""10,625"",""11,060"",""11,183"",""11,538"",""11,676"",""12,185"",""12,916"",""13,119"",""13,465"",""13,469"",""13,661"",""13,937"",""14,339"",""14,639"",""15,178"",""15,665"",""16,185"",""16,950"",""17,529"""
"ITL3,TLJ34,Isle of Wight,""9,834"",""10,038"",""10,312"",""10,828"",""11,594"",""11,915"",""12,017"",""12,574"",""13,149"",""13,765"",""14,397"",""14,786"",""15,525"",""15,820"",""16,071"",""16,239"",""16,625"",""16,628"",""17,214"",""17,356"",""17,657"",""18,508"",""19,211"""
"ITL3,TLJ35,South Hampshire,""10,795"",""10,992"",""11,476"",""12,131"",""12,717"",""13,293"",""13,487"",""14,081"",""14,555"",""15,005"",""15,815"",""16,286"",""16,867"",""16,921"",""17,241"",""18,084"",""18,828"",""19,149"",""19,987"",""19,977"",""20,141"",""20,821"",""21,416"""
"ITL3,TLJ36,Central Hampshire,""13,438"",""13,708"",""14,203"",""15,254"",""15,772"",""16,195"",""16,357"",""17,119"",""17,759"",""18,429"",""19,401"",""20,042"",""20,454"",""20,521"",""20,788"",""21,798"",""22,194"",""22,707"",""24,294"",""24,440"",""24,947"",""25,972"",""26,679"""
"ITL3,TLJ37,North Hampshire,""13,905"",""13,984"",""14,352"",""15,247"",""15,618"",""16,027"",""16,135"",""16,788"",""17,134"",""17,565"",""18,519"",""18,971"",""19,340"",""19,362"",""19,622"",""20,514"",""21,324"",""21,748"",""23,270"",""23,314"",""24,029"",""25,053"",""25,636"""
"ITL2,TLJ4,Kent,""11,568"",""11,611"",""12,081"",""12,898"",""13,353"",""13,757"",""13,916"",""14,517"",""15,011"",""15,493"",""16,234"",""16,607"",""17,058"",""17,191"",""17,446"",""18,011"",""18,605"",""19,081"",""20,074"",""20,478"",""20,790"",""21,577"",""22,110"""
"ITL3,TLJ41,Medway,""10,827"",""10,623"",""11,080"",""11,725"",""12,160"",""12,529"",""12,660"",""13,278"",""13,696"",""14,094"",""14,801"",""15,107"",""15,625"",""15,653"",""15,907"",""16,232"",""16,500"",""16,871"",""17,813"",""18,223"",""18,503"",""19,213"",""19,814"""
"ITL3,TLJ44,East Kent,""9,064"",""9,298"",""9,818"",""10,540"",""11,089"",""11,583"",""11,801"",""12,318"",""12,857"",""13,312"",""14,044"",""14,467"",""15,164"",""15,381"",""15,688"",""16,250"",""16,812"",""17,187"",""17,945"",""18,299"",""18,576"",""19,167"",""19,635"""
"ITL3,TLJ45,Mid Kent,""12,649"",""12,716"",""13,176"",""14,103"",""14,532"",""14,777"",""14,915"",""15,524"",""15,993"",""16,465"",""17,167"",""17,491"",""17,797"",""17,930"",""18,062"",""18,728"",""19,412"",""19,804"",""20,485"",""21,075"",""21,326"",""22,033"",""22,491"""
"ITL3,TLJ46,West Kent,""15,777"",""15,665"",""16,055"",""17,201"",""17,585"",""17,905"",""18,001"",""18,831"",""19,401"",""20,012"",""20,830"",""21,247"",""21,435"",""21,522"",""21,794"",""22,562"",""23,436"",""24,285"",""26,031"",""26,149"",""26,510"",""27,737"",""28,370"""
"ITL2,TLK1,""Gloucestershire, Wiltshire and Bath/Bristol area"",""11,558"",""11,772"",""12,300"",""12,949"",""13,312"",""13,489"",""13,763"",""14,194"",""14,806"",""15,508"",""16,066"",""16,562"",""16,566"",""16,909"",""17,253"",""17,697"",""18,388"",""19,066"",""20,096"",""20,305"",""20,564"",""21,627"",""22,205"""
"ITL3,TLK11,Bristol,""10,365"",""10,485"",""10,952"",""11,635"",""12,106"",""12,271"",""12,479"",""12,885"",""13,091"",""13,684"",""14,331"",""14,719"",""14,643"",""15,133"",""15,508"",""15,757"",""16,295"",""16,873"",""17,812"",""18,354"",""18,751"",""19,592"",""20,249"""
"ITL3,TLK12,South Gloucestershire,""12,081"",""12,468"",""13,063"",""13,399"",""13,502"",""13,654"",""14,088"",""14,412"",""15,023"",""15,875"",""16,460"",""17,133"",""17,083"",""17,392"",""17,788"",""18,320"",""19,018"",""19,615"",""21,053"",""21,111"",""21,239"",""22,436"",""23,065"""
"ITL3,TLK12,Bath and North East Somerset,""12,081"",""12,468"",""13,063"",""13,399"",""13,502"",""13,654"",""14,088"",""14,412"",""15,023"",""15,875"",""16,460"",""17,133"",""17,083"",""17,392"",""17,788"",""18,320"",""19,018"",""19,615"",""21,053"",""21,111"",""21,239"",""22,436"",""23,065"""
"ITL3,TLK12,North Somerset,""12,081"",""12,468"",""13,063"",""13,399"",""13,502"",""13,654"",""14,088"",""14,412"",""15,023"",""15,875"",""16,460"",""17,133"",""17,083"",""17,392"",""17,788"",""18,320"",""19,018"",""19,615"",""21,053"",""21,111"",""21,239"",""22,436"",""23,065"""
"ITL3,TLK13,Gloucestershire,""11,754"",""11,911"",""12,411"",""13,110"",""13,563"",""13,626"",""13,727"",""14,373"",""15,355"",""16,080"",""16,592"",""17,151"",""17,190"",""17,599"",""17,813"",""18,358"",""19,143"",""20,037"",""20,907"",""21,011"",""21,075"",""22,042"",""22,516"""
"ITL3,TLK14,Swindon,""11,169"",""11,558"",""12,172"",""12,899"",""13,442"",""13,829"",""13,990"",""14,197"",""14,625"",""15,125"",""15,457"",""15,727"",""16,055"",""15,956"",""16,218"",""16,603"",""17,037"",""17,651"",""18,346"",""18,770"",""19,081"",""19,974"",""20,516"""
"ITL3,TLK15,Wiltshire,""11,838"",""11,892"",""12,380"",""13,324"",""13,750"",""14,024"",""14,402"",""14,824"",""15,425"",""16,080"",""16,672"",""17,050"",""17,025"",""17,399"",""17,858"",""18,262"",""19,090"",""19,730"",""20,646"",""20,796"",""21,331"",""22,609"",""23,179"""
"ITL3,TLK23,Somerset,""10,959"",""11,270"",""11,631"",""12,047"",""12,554"",""12,683"",""13,133"",""13,710"",""14,220"",""14,986"",""15,524"",""16,086"",""16,075"",""16,666"",""16,996"",""17,291"",""17,653"",""18,315"",""19,034"",""19,088"",""19,520"",""20,408"",""20,827"""
"ITL3,TLK24,Poole,""11,576"",""11,802"",""12,364"",""13,122"",""13,512"",""13,664"",""14,008"",""14,514"",""15,114"",""15,848"",""16,542"",""16,808"",""16,381"",""16,873"",""17,179"",""17,514"",""18,191"",""18,573"",""19,678"",""19,715"",""20,033"",""21,045"",""21,652"""
"ITL3,TLK24,Bournemouth,""11,576"",""11,802"",""12,364"",""13,122"",""13,512"",""13,664"",""14,008"",""14,514"",""15,114"",""15,848"",""16,542"",""16,808"",""16,381"",""16,873"",""17,179"",""17,514"",""18,191"",""18,573"",""19,678"",""19,715"",""20,033"",""21,045"",""21,652"""
"ITL3,TLK25,Dorset,""11,694"",""12,105"",""12,480"",""13,090"",""13,457"",""13,759"",""14,258"",""14,586"",""15,151"",""16,142"",""16,686"",""17,208"",""17,057"",""17,710"",""18,309"",""18,787"",""19,360"",""19,985"",""20,769"",""20,895"",""21,166"",""22,175"",""22,613"""
"ITL3,TLK30,Isles of Scilly,""9,898"",""10,083"",""10,234"",""10,800"",""11,375"",""11,859"",""12,028"",""12,449"",""12,908"",""13,515"",""14,072"",""14,473"",""14,689"",""15,190"",""15,560"",""15,942"",""16,191"",""16,558"",""17,123"",""17,534"",""18,045"",""18,551"",""18,869"""
"ITL3,TLK30,Cornwall,""9,898"",""10,083"",""10,234"",""10,800"",""11,375"",""11,859"",""12,028"",""12,449"",""12,908"",""13,515"",""14,072"",""14,473"",""14,689"",""15,190"",""15,560"",""15,942"",""16,191"",""16,558"",""17,123"",""17,534"",""18,045"",""18,551"",""18,869"""
"ITL3,TLK41,Plymouth,""9,241"",""9,466"",""9,760"",""10,359"",""10,589"",""10,771"",""11,118"",""11,497"",""11,731"",""12,167"",""12,692"",""13,107"",""13,370"",""14,001"",""14,230"",""14,391"",""14,761"",""15,147"",""15,614"",""15,702"",""16,261"",""16,923"",""17,343"""
"ITL3,TLK42,Torbay,""9,979"",""10,042"",""10,447"",""11,261"",""11,269"",""11,464"",""11,813"",""12,233"",""12,968"",""13,492"",""13,786"",""14,477"",""14,668"",""15,049"",""15,342"",""15,720"",""16,200"",""16,729"",""17,123"",""17,443"",""17,705"",""18,342"",""18,698"""
"ITL3,TLK43,Devon,""11,121"",""11,262"",""11,601"",""11,901"",""12,396"",""12,820"",""13,008"",""13,505"",""14,128"",""14,854"",""15,414"",""16,111"",""16,509"",""16,620"",""16,786"",""17,315"",""17,853"",""18,239"",""19,108"",""19,274"",""19,552"",""20,486"",""20,924"""
